{
  "DummyClassifier": {
    "accuracy": 0.95088,
    "f1": 0.0,
    "roc_auc": 0.5,
    "average_precision": 0.04912
  },
  "LogisticRegression": {
    "accuracy": 0.96272,
    "f1": 0.41309823677581864,
    "roc_auc": 0.8397074049287998,
    "average_precision": 0.5079496062232429
  },
  "DecisionTree(bestCV)": {
    "accuracy": 0.96848,
    "f1": 0.5887265135699373,
    "roc_auc": 0.8279721414238741,
    "average_precision": 0.557023857486179
  },
  "RandomForest(bestCV)": {
    "accuracy": 0.97264,
    "f1": 0.6157303370786517,
    "roc_auc": 0.9028660439210503,
    "average_precision": 0.7716508125329228
  },
  "HistGradientBoosting(bestCV)": {
    "accuracy": 0.97904,
    "f1": 0.7342799188640974,
    "roc_auc": 0.9105969248578103,
    "average_precision": 0.7869500124840647
  }
}