,accuracy,f1,roc_auc,average_precision
RandomForest(best),0.9688,0.5346062052505967,0.9071357045022174,0.7615037825012982
HistGradientBoosting(best),0.97968,0.742393509127789,0.9039693592933082,0.7961629065421405
LogisticRegression,0.96272,0.41309823677581864,0.8397074049287998,0.5079496062232429
DecisionTree(best),0.96608,0.5583333333333333,0.7724920402893722,0.5006869895516962
DummyClassifier,0.95088,0.0,0.5,0.04912
