{
  "ds1": {
    "file": "S07-hw-dataset-01.csv",
    "chosen_algo": "kmeans",
    "chosen_params": {
      "k": 2,
      "random_state": 42,
      "n_init": 10
    },
    "chosen_metrics": {
      "silhouette": 0.5216395622404242,
      "davies_bouldin": 0.6853295219054459,
      "calinski_harabasz": 11786.95462267153,
      "noise_ratio": null,
      "n_clusters": 2
    },
    "selection_score": 0.5216395622404242
  },
  "ds2": {
    "file": "S07-hw-dataset-02.csv",
    "chosen_algo": "agglomerative",
    "chosen_params": {
      "k": 2,
      "linkage": "average"
    },
    "chosen_metrics": {
      "silhouette": 0.41976775922231674,
      "davies_bouldin": 0.8791287795996852,
      "calinski_harabasz": 395.4825694831712,
      "noise_ratio": null,
      "n_clusters": 2
    },
    "selection_score": 0.41976775922231674
  },
  "ds3": {
    "file": "S07-hw-dataset-03.csv",
    "chosen_algo": "dbscan",
    "chosen_params": {
      "eps": 0.1,
      "min_samples": 10
    },
    "chosen_metrics": {
      "silhouette": 0.812135611234154,
      "davies_bouldin": 0.2449468669104906,
      "calinski_harabasz": 3564.021041770511,
      "noise_ratio": 0.9959333333333333,
      "n_clusters": 5
    },
    "selection_score": 0.5631522779008207
  }
}