experiment_id,dataset,seed,model_summary,optimizer,lr,momentum,weight_decay,epochs_trained,best_val_accuracy,best_val_loss
E1,CIFAR10,42,256-128/ReLU/NoReg,Adam,0.001,0,0,10,0.5317,1.4968974252700806
E2,CIFAR10,42,256-128/ReLU/Dropout0.3,Adam,0.001,0,0,10,0.5285,1.34962104473114
E3,CIFAR10,42,256-128/ReLU/BatchNorm,Adam,0.001,0,0,10,0.5424,1.3104551036834717
E4,CIFAR10,42,256-128/ReLU/BatchNorm/ES,Adam,0.001,0,0,13,0.5525,1.3365378265380858
O1,CIFAR10,42,Best_E4_Arch,Adam,0.1,0,0,8,0.4922,1.4478503025054932
O2,CIFAR10,42,Best_E4_Arch,Adam,1e-05,0,0,8,0.4697,1.5766877948760987
O3,CIFAR10,42,Best_E4_Arch,SGD,0.01,0.9,0.0001,15,0.5353,1.3832112911224366
